Date,Title,Quantity Sold,Total Revenue
1/21/2026,Mr,681,9628.24
8/27/2025,Honorable,600,326.11
9/14/2025,Mr,461,1252.65
08/12/2025,Dr,197,4835.92
11/09/2025,Rev,954,9883.12
06/05/2025,Mr,144,5153.99
12/17/2025,Ms,476,6768.69
7/25/2025,Ms,427,608.95
12/27/2025,Honorable,368,3474.51
01/05/2026,Rev,563,3541.0
11/09/2025,Mr,305,4181.87
01/01/2026,Ms,95,4057.33
04/09/2025,Honorable,848,5653.79
3/15/2025,Dr,740,8861.86
06/03/2025,Dr,909,6843.6
11/10/2025,Ms,68,414.99
7/24/2025,Rev,910,996.28
11/19/2025,Mr,863,4807.13
11/04/2025,Rev,85,232.62
12/05/2025,Ms,732,9728.15
11/22/2025,Mrs,475,916.87
03/07/2025,Honorable,84,152.96
10/30/2025,Rev,844,2627.1
2/14/2025,Ms,801,7391.14
5/17/2025,Rev,165,3822.04
9/30/2025,Ms,861,8055.4
10/15/2025,Rev,642,9023.16
7/31/2025,Mrs,735,1367.12
4/19/2025,Dr,894,1209.4
6/18/2025,Dr,35,3468.94
05/01/2025,Mrs,360,4296.54
6/29/2025,Rev,360,6200.73
2/26/2025,Mr,526,3831.06
12/27/2025,Mrs,753,5685.35
08/04/2025,Rev,801,1381.21
7/22/2025,Mrs,301,254.19
10/02/2025,Rev,882,4975.04
3/26/2025,Rev,922,8049.46
08/02/2025,Honorable,972,8713.34
6/25/2025,Mrs,391,5919.7
11/29/2025,Mr,831,4434.47
10/11/2025,Ms,581,3120.05
05/01/2025,Honorable,551,7261.19
5/20/2025,Ms,688,7826.76
12/02/2025,Mrs,495,4717.54
1/18/2026,Mr,859,3035.14
10/15/2025,Dr,528,9005.78
12/08/2025,Mrs,596,9636.53
4/27/2025,Mr,57,4187.68
12/23/2025,Mr,869,7335.67
9/27/2025,Mr,985,2043.28
01/08/2026,Mrs,251,5721.39
07/01/2025,Honorable,529,856.21
3/18/2025,Rev,154,5693.34
07/07/2025,Ms,560,8827.0
07/01/2025,Dr,226,6810.28
05/07/2025,Dr,764,1730.47
2/13/2025,Ms,966,4638.8
12/14/2025,Mr,849,6069.23
9/19/2025,Mr,977,3342.92
02/11/2025,Dr,137,88.53
4/16/2025,Mrs,830,8076.21
07/04/2025,Mrs,516,5166.64
4/23/2025,Honorable,815,6041.28
04/12/2025,Mrs,279,2327.23
08/02/2025,Rev,446,6750.93
8/13/2025,Mrs,160,320.64
4/28/2025,Honorable,720,8687.03
04/09/2025,Mrs,17,1111.1
12/16/2025,Ms,61,4164.5
06/03/2025,Mr,598,7076.56
5/13/2025,Rev,888,8940.93
08/09/2025,Honorable,463,398.91
12/06/2025,Rev,510,2819.35
12/15/2025,Honorable,517,6097.66
2/16/2025,Rev,87,7661.01
2/17/2025,Dr,903,4585.74
3/18/2025,Dr,256,9505.2
5/18/2025,Dr,688,8490.53
3/30/2025,Dr,573,3117.48
1/18/2026,Honorable,127,3823.76
02/07/2025,Rev,300,5243.64
5/16/2025,Ms,371,5880.48
09/04/2025,Mrs,440,5382.4
12/07/2025,Dr,958,6021.25
5/19/2025,Mrs,884,4732.06
11/20/2025,Honorable,161,219.31
12/26/2025,Rev,92,8625.01
05/01/2025,Honorable,781,1384.53
5/23/2025,Rev,481,3878.52
08/10/2025,Mrs,688,9396.82
10/28/2025,Mrs,696,128.28
11/29/2025,Honorable,388,1794.76
9/19/2025,Dr,237,6659.37
02/05/2025,Rev,350,9090.6
12/11/2025,Mr,264,1237.71
8/24/2025,Honorable,735,7728.25
3/18/2025,Rev,611,8508.42
09/04/2025,Mrs,534,9039.08
4/27/2025,Honorable,535,5801.79
11/06/2025,Mr,180,5570.15
8/29/2025,Mr,841,8369.34
5/29/2025,Mrs,164,2321.59
9/17/2025,Mr,613,7034.77
10/16/2025,Dr,766,9253.92
3/27/2025,Ms,51,5152.12
4/19/2025,Dr,371,6598.6
1/25/2026,Honorable,424,5205.35
04/01/2025,Honorable,53,6843.89
09/12/2025,Dr,148,1469.6
7/25/2025,Dr,723,5281.97
04/04/2025,Ms,300,1356.99
3/19/2025,Honorable,114,1275.64
02/06/2025,Ms,90,6455.68
02/09/2025,Ms,342,5100.13
10/04/2025,Dr,530,8671.05
4/16/2025,Honorable,489,1801.24
9/21/2025,Dr,228,3501.98
12/04/2025,Mr,893,8256.81
12/06/2025,Mrs,14,4107.04
10/01/2025,Ms,604,5677.15
7/24/2025,Mr,876,8523.57
1/22/2026,Honorable,998,8177.32
04/01/2025,Rev,214,1635.32
2/13/2025,Honorable,299,1260.66
04/05/2025,Mrs,685,4873.36
10/28/2025,Mrs,442,2856.52
6/29/2025,Ms,648,9857.09
11/16/2025,Mrs,177,6639.11
3/29/2025,Mrs,301,8196.03
4/20/2025,Mr,301,5998.07
03/01/2025,Dr,856,6789.64
11/19/2025,Honorable,997,9694.72
4/23/2025,Ms,161,1410.15
04/12/2025,Ms,129,6076.03
01/05/2026,Honorable,653,6363.6
11/30/2025,Rev,574,5026.43
6/29/2025,Rev,306,3656.04
4/21/2025,Mr,64,4800.69
2/23/2025,Dr,427,641.55
4/20/2025,Mr,994,2207.21
09/11/2025,Dr,430,823.34
03/03/2025,Dr,281,8353.32
12/28/2025,Dr,987,737.21
3/30/2025,Ms,932,9911.87
04/08/2025,Rev,814,1480.47
6/24/2025,Honorable,306,4961.4
12/12/2025,Mrs,916,9411.03
3/17/2025,Dr,157,5840.99
10/02/2025,Honorable,781,9697.71
2/14/2025,Ms,837,6986.22
3/31/2025,Mrs,678,1317.61
7/15/2025,Mrs,180,5201.48
6/23/2025,Ms,998,7215.31
9/27/2025,Honorable,868,48.01
9/26/2025,Rev,761,972.5
05/12/2025,Dr,582,2966.35
05/07/2025,Mr,343,1474.95
10/30/2025,Mrs,125,8228.16
8/21/2025,Mr,930,4994.05
02/11/2025,Mr,17,2445.81
8/13/2025,Dr,843,675.64
10/23/2025,Ms,820,5568.68
3/29/2025,Mr,249,9099.8
05/06/2025,Honorable,670,5532.27
09/07/2025,Honorable,988,7613.43
12/25/2025,Honorable,881,1714.57
04/09/2025,Honorable,986,5708.23
12/23/2025,Rev,231,6838.81
3/31/2025,Rev,322,9075.62
8/22/2025,Mrs,133,4287.77
05/09/2025,Rev,970,4212.7
10/10/2025,Rev,67,6105.07
10/09/2025,Ms,250,7332.26
12/28/2025,Honorable,135,2930.62
03/11/2025,Dr,714,4176.48
8/24/2025,Mrs,358,3359.56
01/08/2026,Dr,350,1402.86
06/11/2025,Mrs,114,1706.29
5/22/2025,Ms,447,6243.59
10/13/2025,Mr,878,2237.1
3/18/2025,Ms,948,2965.44
9/14/2025,Mr,987,791.77
11/10/2025,Mrs,749,2246.96
1/28/2025,Rev,563,3665.73
6/30/2025,Mrs,341,8298.71
4/14/2025,Mr,260,4863.8
07/01/2025,Ms,362,3846.67
10/15/2025,Mrs,7,5119.2
01/03/2026,Mr,70,2706.6
03/02/2025,Mrs,839,7695.47
6/16/2025,Rev,772,199.73
7/31/2025,Ms,762,8695.14
12/31/2025,Honorable,440,4742.03
4/24/2025,Dr,421,2528.69
9/19/2025,Honorable,74,4617.05
12/12/2025,Rev,754,1563.79
10/10/2025,Ms,674,2928.33
2/22/2025,Ms,820,8787.83
07/11/2025,Rev,708,9534.81
6/18/2025,Honorable,420,95.21
7/18/2025,Ms,583,4166.74
04/06/2025,Mrs,588,4234.1
6/17/2025,Mr,970,9809.11
1/13/2026,Mr,76,9980.51
01/12/2026,Mrs,992,8421.58
11/21/2025,Dr,702,92.06
05/10/2025,Honorable,259,9859.73
9/18/2025,Honorable,408,1192.18
6/29/2025,Ms,591,2637.4
11/17/2025,Honorable,522,3003.1
1/24/2026,Rev,739,7821.04
11/09/2025,Mrs,184,4111.0
6/23/2025,Rev,181,9547.2
10/15/2025,Dr,308,9114.39
6/13/2025,Ms,935,3354.56
12/02/2025,Mr,891,6609.47
10/03/2025,Dr,572,3309.68
06/08/2025,Dr,915,2170.06
05/04/2025,Ms,699,8558.49
8/18/2025,Mr,627,1966.11
07/06/2025,Mrs,849,5843.63
7/13/2025,Dr,39,9134.25
7/16/2025,Honorable,24,1235.4
09/03/2025,Ms,386,4550.79
11/19/2025,Mrs,456,700.81
9/21/2025,Mrs,688,8213.9
11/18/2025,Ms,273,9035.61
6/27/2025,Honorable,437,8460.89
12/04/2025,Rev,952,3214.01
06/01/2025,Ms,524,3906.79
03/05/2025,Dr,811,115.05
3/21/2025,Honorable,747,5008.47
10/27/2025,Mr,832,99.05
1/23/2026,Honorable,420,4663.31
4/17/2025,Honorable,312,4970.01
1/16/2026,Ms,667,1264.9
4/29/2025,Honorable,346,8361.31
2/19/2025,Mrs,607,2256.08
02/01/2025,Ms,16,8455.6
1/23/2026,Mr,670,5532.28
8/30/2025,Honorable,380,5117.07
09/06/2025,Mrs,386,5360.96
5/20/2025,Dr,135,8290.89
03/03/2025,Rev,195,8681.36
04/11/2025,Honorable,221,1435.91
8/13/2025,Mrs,386,1810.87
09/02/2025,Mr,361,7827.47
3/19/2025,Ms,21,3946.65
02/05/2025,Dr,241,1663.23
08/07/2025,Mrs,408,3493.95
6/17/2025,Dr,829,4407.45
3/18/2025,Mr,908,2364.58
11/20/2025,Dr,937,7623.03
1/28/2025,Mrs,143,3950.46
01/01/2026,Dr,954,2993.37
9/13/2025,Ms,400,9354.79
5/13/2025,Mr,276,2292.85
3/17/2025,Honorable,269,5107.93
6/18/2025,Ms,467,358.07
08/08/2025,Mr,341,1629.1
02/09/2025,Honorable,302,2214.92
7/26/2025,Mr,520,2833.45
06/06/2025,Ms,599,5022.24
5/24/2025,Mrs,968,2913.24
1/13/2026,Ms,77,1949.96
5/30/2025,Honorable,864,7091.51
04/04/2025,Rev,593,5420.95
02/10/2025,Dr,547,922.05
12/03/2025,Honorable,879,912.88
6/28/2025,Ms,928,9202.21
10/24/2025,Dr,578,2127.81
8/29/2025,Mr,311,2017.49
7/23/2025,Ms,992,8526.01
8/16/2025,Dr,777,438.69
7/14/2025,Mr,897,3871.06
2/22/2025,Rev,148,9920.21
04/10/2025,Mr,456,7072.89
5/30/2025,Ms,227,4085.11
04/02/2025,Dr,896,6458.52
03/12/2025,Rev,537,7876.79
2/27/2025,Honorable,50,3936.49
6/16/2025,Rev,287,3628.68
8/17/2025,Mrs,954,76.14
9/22/2025,Ms,800,3624.95
08/10/2025,Mr,974,1346.78
5/18/2025,Honorable,126,8416.2
5/19/2025,Mrs,872,7236.73
11/18/2025,Mr,493,5203.77
10/21/2025,Rev,917,2730.81
08/10/2025,Honorable,740,4127.91
06/03/2025,Rev,189,4766.83
1/30/2025,Rev,760,29.19
02/12/2025,Rev,492,8682.12
10/09/2025,Ms,615,6228.0
11/12/2025,Honorable,129,174.02
9/13/2025,Rev,2,7751.35
6/19/2025,Rev,89,9307.51
1/30/2025,Ms,605,6180.78
11/25/2025,Dr,710,5103.34
10/09/2025,Mrs,659,1858.34
04/04/2025,Honorable,189,2671.98
10/25/2025,Dr,754,1370.79
07/10/2025,Ms,777,2882.68
3/30/2025,Rev,526,6884.83
10/24/2025,Rev,705,6484.42
7/28/2025,Rev,195,2775.32
07/04/2025,Honorable,374,6131.26
8/27/2025,Ms,674,2540.11
5/17/2025,Mrs,56,9819.77
9/26/2025,Mr,150,7359.54
11/19/2025,Ms,194,7841.15
6/17/2025,Mrs,743,2745.17
9/28/2025,Honorable,18,8360.58
09/12/2025,Ms,692,5044.32
5/31/2025,Mr,765,7853.94
9/30/2025,Ms,937,7250.04
04/12/2025,Rev,999,3987.26
9/16/2025,Ms,154,8694.52
5/21/2025,Ms,492,1456.51
12/28/2025,Mr,760,8763.73
04/01/2025,Honorable,759,8188.88
02/08/2025,Mr,814,9189.18
3/24/2025,Mr,798,4217.66
7/23/2025,Ms,327,8892.78
9/27/2025,Ms,399,3522.18
05/01/2025,Mrs,218,5840.17
6/15/2025,Mr,530,8862.41
10/01/2025,Honorable,564,1398.84
8/13/2025,Rev,760,8664.55
04/07/2025,Rev,980,8180.66
08/11/2025,Rev,635,5293.55
3/31/2025,Dr,196,5365.19
07/05/2025,Dr,304,5667.68
9/21/2025,Honorable,922,1964.8
07/06/2025,Rev,762,2979.48
03/02/2025,Honorable,96,9269.08
08/12/2025,Dr,52,4186.11
10/29/2025,Dr,755,371.17
05/10/2025,Ms,211,1124.31
02/02/2025,Rev,933,7390.79
7/31/2025,Rev,718,1009.43
01/09/2026,Dr,672,2744.48
8/13/2025,Ms,601,7127.97
12/17/2025,Rev,366,1257.33
10/15/2025,Mrs,598,9689.1
08/03/2025,Mrs,916,4517.59
6/15/2025,Mrs,761,6502.0
08/06/2025,Ms,161,6142.04
08/07/2025,Mr,127,9652.95
1/20/2026,Ms,968,7706.2
02/10/2025,Ms,346,9312.91
08/09/2025,Dr,684,1779.92
05/12/2025,Mrs,730,5280.45
04/10/2025,Mrs,914,1538.22
8/23/2025,Mr,823,8125.85
3/17/2025,Honorable,481,4393.66
6/23/2025,Mrs,659,5860.25
06/04/2025,Rev,803,8597.35
02/04/2025,Mrs,556,7906.33
12/24/2025,Ms,977,4618.24
3/13/2025,Rev,616,8420.9
12/10/2025,Honorable,298,7704.26
09/02/2025,Mr,913,6899.6
10/20/2025,Honorable,646,1879.2
04/12/2025,Honorable,571,1153.67
6/26/2025,Honorable,713,5629.28
12/06/2025,Mr,726,4139.41
09/11/2025,Rev,18,9781.04
07/11/2025,Honorable,494,4116.25
3/28/2025,Ms,494,8110.94
5/29/2025,Mr,459,6412.97
4/17/2025,Dr,598,370.05
08/01/2025,Ms,454,8099.8
7/30/2025,Dr,813,9270.45
05/10/2025,Mr,170,5748.18
5/21/2025,Dr,51,1410.0
03/11/2025,Mr,952,4806.69
5/23/2025,Ms,658,8634.35
12/22/2025,Mr,248,3360.61
12/16/2025,Ms,421,9073.56
06/07/2025,Dr,342,5564.86
04/03/2025,Mrs,608,538.54
12/01/2025,Mrs,874,2532.29
12/21/2025,Rev,133,5922.33
01/05/2026,Dr,840,4040.44
3/20/2025,Honorable,509,9928.94
7/27/2025,Dr,677,5473.83
05/02/2025,Mr,938,2573.29
6/13/2025,Honorable,978,7235.15
08/01/2025,Honorable,339,8617.83
10/08/2025,Mrs,966,3651.78
10/15/2025,Ms,360,6455.59
9/28/2025,Mrs,287,4528.72
05/03/2025,Rev,92,4899.63
09/08/2025,Ms,767,9200.18
04/01/2025,Mrs,928,1161.08
11/06/2025,Mrs,111,5047.19
10/31/2025,Dr,398,1331.81
4/26/2025,Dr,309,7315.21
08/09/2025,Rev,893,2390.48
11/07/2025,Dr,737,965.73
06/04/2025,Ms,862,2468.99
02/07/2025,Mrs,711,9570.11
10/02/2025,Rev,256,9810.48
05/04/2025,Mrs,976,1254.97
02/12/2025,Ms,124,2768.21
01/09/2026,Dr,193,6074.68
08/10/2025,Honorable,902,7693.81
3/20/2025,Dr,521,9319.24
2/22/2025,Rev,709,7523.24
09/04/2025,Dr,618,2782.75
6/20/2025,Mrs,11,6570.7
7/23/2025,Ms,289,1174.37
3/22/2025,Ms,991,8276.79
8/25/2025,Mrs,901,3473.03
02/07/2025,Ms,863,8232.06
7/20/2025,Mrs,731,5105.03
5/16/2025,Rev,699,532.1
7/24/2025,Mrs,395,7458.23
3/13/2025,Dr,262,8119.47
5/20/2025,Ms,233,6866.79
12/07/2025,Mrs,167,1944.48
10/16/2025,Rev,203,4620.86
4/30/2025,Mrs,595,6036.04
10/30/2025,Ms,169,6814.67
07/10/2025,Mrs,986,6261.99
02/06/2025,Honorable,857,4608.36
06/05/2025,Honorable,724,5425.65
3/28/2025,Honorable,504,7520.89
11/18/2025,Dr,734,4666.27
3/21/2025,Honorable,240,9183.27
5/27/2025,Mr,799,3353.03
01/06/2026,Rev,272,9586.15
11/04/2025,Mr,84,3971.64
5/27/2025,Ms,878,8683.28
2/22/2025,Dr,382,8428.15
08/02/2025,Dr,552,4166.85
06/07/2025,Ms,816,9937.69
6/28/2025,Honorable,215,9740.52
5/21/2025,Honorable,997,183.13
6/13/2025,Mr,138,8155.27
3/20/2025,Dr,585,807.38
2/20/2025,Dr,915,6305.35
6/19/2025,Dr,699,1580.7
06/12/2025,Mrs,925,3605.91
7/19/2025,Dr,899,8613.42
12/15/2025,Dr,156,1399.95
2/23/2025,Dr,105,648.82
06/10/2025,Mrs,898,556.31
7/20/2025,Dr,103,1777.57
11/16/2025,Rev,204,4028.53
9/26/2025,Ms,653,1027.76
7/20/2025,Honorable,576,1050.58
10/23/2025,Ms,937,2936.04
06/02/2025,Mrs,80,6949.57
12/06/2025,Mr,917,6078.65
1/25/2026,Rev,112,2695.35
2/22/2025,Ms,570,7803.63
3/31/2025,Rev,232,7861.0
3/13/2025,Rev,534,3850.2
5/14/2025,Ms,772,9851.65
10/13/2025,Dr,718,8886.1
12/17/2025,Honorable,982,2888.25
3/16/2025,Ms,166,6816.21
12/03/2025,Ms,235,2377.19
07/12/2025,Dr,584,7420.85
1/23/2026,Dr,379,2941.8
5/24/2025,Mrs,711,8222.87
6/20/2025,Honorable,444,464.48
11/28/2025,Rev,517,845.29
03/04/2025,Rev,186,4790.3
02/05/2025,Mr,992,2896.04
10/08/2025,Honorable,643,346.52
11/25/2025,Rev,444,5556.23
3/17/2025,Ms,949,5932.87
05/12/2025,Dr,412,3526.83
5/18/2025,Mr,443,8591.9
10/03/2025,Honorable,953,1580.12
05/03/2025,Rev,41,4892.14
3/29/2025,Honorable,689,8022.65
11/06/2025,Mrs,467,9972.72
01/09/2026,Mr,256,5054.97
6/24/2025,Dr,669,5587.45
01/07/2026,Honorable,540,6749.91
3/18/2025,Rev,833,5483.34
12/13/2025,Dr,977,1262.17
11/18/2025,Dr,397,6992.95
07/03/2025,Dr,917,8307.53
04/06/2025,Ms,333,899.64
10/26/2025,Mr,975,1672.77
6/30/2025,Mr,604,6490.01
03/07/2025,Honorable,987,6623.07
4/24/2025,Rev,453,9858.78
11/13/2025,Dr,531,5712.94
1/14/2026,Honorable,664,779.51
9/23/2025,Rev,453,6683.67
1/13/2026,Dr,517,2280.74
11/13/2025,Ms,670,997.08
7/24/2025,Mr,478,5079.18
05/11/2025,Dr,878,5431.8
10/09/2025,Ms,983,3440.52
7/30/2025,Dr,429,5081.54
8/25/2025,Dr,819,7131.5
3/22/2025,Rev,430,2488.76
11/30/2025,Mrs,252,5095.06
3/13/2025,Mrs,197,7292.22
7/28/2025,Honorable,363,7713.6
08/07/2025,Honorable,281,79.06
8/28/2025,Rev,400,8840.47
7/24/2025,Dr,296,837.35
7/17/2025,Ms,933,4193.78
03/10/2025,Mrs,420,5203.11
02/08/2025,Mr,411,7257.32
8/22/2025,Honorable,15,2960.19
9/26/2025,Mr,93,9105.05
3/25/2025,Dr,898,9655.73
5/20/2025,Rev,176,4048.28
03/02/2025,Rev,816,2575.45
6/23/2025,Ms,998,4457.06
01/09/2026,Ms,117,6617.19
09/10/2025,Dr,361,9064.67
01/02/2026,Mrs,597,8573.59
2/27/2025,Mrs,380,9362.62
5/19/2025,Ms,635,2152.1
4/30/2025,Ms,326,2301.67
3/27/2025,Rev,766,7449.72
10/22/2025,Mrs,848,4451.44
8/31/2025,Mr,321,6577.52
5/15/2025,Mr,975,9583.81
11/09/2025,Ms,306,788.31
2/19/2025,Ms,397,308.28
9/26/2025,Mrs,653,2508.13
07/01/2025,Dr,58,6490.82
11/27/2025,Dr,97,1649.04
10/03/2025,Mrs,806,6879.27
05/05/2025,Ms,340,3765.5
12/21/2025,Honorable,529,7708.07
2/16/2025,Mr,206,1656.53
01/05/2026,Rev,972,1487.11
8/17/2025,Honorable,640,6030.07
8/14/2025,Honorable,1,416.41
7/20/2025,Honorable,661,4810.42
6/28/2025,Honorable,50,5659.3
12/17/2025,Rev,22,5340.38
08/07/2025,Rev,920,5556.16
03/09/2025,Rev,505,4759.43
04/03/2025,Ms,274,7061.09
1/16/2026,Ms,88,7798.6
11/29/2025,Ms,893,8713.49
7/30/2025,Mr,718,2608.23
11/02/2025,Ms,546,4146.31
12/21/2025,Dr,719,4871.02
08/11/2025,Rev,1,2344.11
08/06/2025,Honorable,785,3408.94
3/27/2025,Rev,933,708.0
2/21/2025,Honorable,465,3060.93
2/28/2025,Ms,262,3005.27
12/28/2025,Dr,611,9922.89
7/28/2025,Mr,542,487.22
09/06/2025,Rev,280,659.76
01/04/2026,Honorable,809,4667.08
2/23/2025,Ms,595,8755.11
6/23/2025,Honorable,43,7279.29
4/28/2025,Rev,210,6928.93
10/02/2025,Dr,125,7325.18
7/18/2025,Honorable,916,4498.79
10/25/2025,Ms,820,4138.26
09/12/2025,Rev,880,9526.75
6/29/2025,Mrs,867,4319.25
05/05/2025,Mrs,664,639.41
10/11/2025,Ms,93,8410.43
09/04/2025,Mr,368,5762.56
10/03/2025,Ms,419,9968.66
2/17/2025,Honorable,550,2808.78
07/12/2025,Honorable,402,801.35
9/16/2025,Dr,236,3172.69
05/07/2025,Mr,394,8489.41
11/22/2025,Ms,358,8489.47
5/26/2025,Mr,671,4696.29
04/06/2025,Honorable,994,7144.34
6/26/2025,Honorable,995,7778.86
5/13/2025,Honorable,116,3796.33
01/01/2026,Ms,409,8746.86
7/22/2025,Dr,296,2430.88
1/17/2026,Rev,246,6747.34
11/12/2025,Ms,698,773.83
10/30/2025,Rev,160,6502.0
5/13/2025,Mr,834,1448.42
9/20/2025,Mr,993,2969.97
10/29/2025,Mr,987,3302.78
10/03/2025,Mr,555,1300.33
2/16/2025,Honorable,935,912.67
3/14/2025,Ms,651,1071.78
05/09/2025,Dr,813,1532.71
12/22/2025,Rev,530,1978.82
8/31/2025,Honorable,790,6044.04
8/17/2025,Mr,535,8991.24
4/28/2025,Ms,429,1436.69
08/04/2025,Dr,455,2782.52
7/13/2025,Dr,714,5847.47
05/06/2025,Honorable,467,4386.0
1/16/2026,Dr,155,5258.2
7/19/2025,Mrs,746,4387.18
09/02/2025,Mrs,716,7860.91
8/17/2025,Honorable,174,9205.98
5/16/2025,Mr,102,7225.34
04/09/2025,Ms,877,2700.13
10/16/2025,Dr,591,2332.3
07/12/2025,Ms,926,6484.22
1/17/2026,Mrs,929,8475.79
05/05/2025,Dr,295,152.16
04/08/2025,Rev,122,9862.54
09/06/2025,Ms,600,290.65
1/17/2026,Ms,236,217.6
5/28/2025,Rev,328,5697.19
2/18/2025,Ms,909,7549.58
6/27/2025,Dr,372,6950.1
05/07/2025,Mr,320,2452.98
6/14/2025,Dr,803,2457.15
8/20/2025,Mrs,667,9026.33
9/15/2025,Ms,147,3799.36
5/14/2025,Mrs,632,1920.34
8/22/2025,Mr,941,4243.24
08/07/2025,Rev,8,7193.89
10/19/2025,Mrs,548,6885.47
03/10/2025,Mr,683,3931.88
01/02/2026,Mr,682,1236.73
3/19/2025,Ms,295,2477.93
7/13/2025,Dr,855,4295.26
1/28/2025,Mrs,803,2846.85
10/01/2025,Mr,233,3214.33
09/08/2025,Ms,305,6308.91
12/08/2025,Mr,833,2205.7
2/18/2025,Mr,106,2575.89
6/30/2025,Mr,510,5189.82
08/07/2025,Rev,75,2022.1
3/15/2025,Mrs,268,5404.05
08/01/2025,Honorable,242,4048.43
08/11/2025,Mr,484,1377.65
10/23/2025,Honorable,471,6513.09
03/07/2025,Rev,795,6836.72
09/06/2025,Mrs,909,6913.04
9/30/2025,Honorable,264,4421.25
06/05/2025,Mr,986,2898.14
06/05/2025,Rev,14,9337.64
2/23/2025,Mrs,368,583.71
2/28/2025,Honorable,455,5400.98
08/08/2025,Mrs,401,1878.84
3/14/2025,Honorable,998,7344.32
04/04/2025,Dr,513,3287.68
11/23/2025,Mrs,595,1777.53
9/17/2025,Mrs,550,3272.62
1/28/2025,Rev,87,2190.47
12/23/2025,Dr,895,4612.79
10/13/2025,Mr,123,9781.73
12/31/2025,Dr,435,4799.53
8/28/2025,Honorable,365,9641.77
5/26/2025,Rev,458,7158.08
8/26/2025,Mr,988,8608.84
6/13/2025,Mrs,599,1196.25
12/12/2025,Mr,739,4078.15
09/02/2025,Mr,494,2015.14
9/16/2025,Honorable,5,2271.39
5/15/2025,Honorable,858,6316.05
7/22/2025,Dr,401,6781.16
12/08/2025,Honorable,443,7448.64
4/21/2025,Dr,905,9432.24
6/20/2025,Dr,349,5630.61
12/13/2025,Rev,872,7179.16
4/30/2025,Ms,737,8777.12
9/30/2025,Mr,763,8167.28
08/11/2025,Honorable,596,4971.84
11/20/2025,Rev,686,9740.45
02/01/2025,Rev,46,1148.28
05/10/2025,Dr,130,6034.07
5/13/2025,Ms,307,1216.49
06/11/2025,Mr,274,3476.99
6/25/2025,Mrs,703,7072.06
10/17/2025,Honorable,71,8348.15
10/06/2025,Rev,954,5580.17
11/03/2025,Honorable,476,5818.98
2/22/2025,Rev,786,2356.78
7/14/2025,Honorable,201,3784.16
06/07/2025,Ms,874,6988.56
09/12/2025,Mrs,904,2575.26
7/22/2025,Mr,136,7390.8
08/03/2025,Mr,841,5202.96
3/13/2025,Ms,119,2589.77
2/17/2025,Honorable,850,1910.47
1/17/2026,Dr,335,1465.97
01/07/2026,Ms,616,4261.37
7/15/2025,Mr,73,3130.18
05/12/2025,Mr,686,3605.56
8/18/2025,Mrs,891,36.0
4/19/2025,Honorable,864,565.88
09/02/2025,Mr,527,4092.99
11/06/2025,Mrs,711,2228.12
11/08/2025,Rev,664,1319.18
05/04/2025,Rev,559,7240.42
4/30/2025,Rev,796,939.49
02/10/2025,Ms,587,2608.28
03/12/2025,Rev,614,7006.8
2/14/2025,Mr,478,3316.26
8/31/2025,Mrs,775,988.44
12/25/2025,Honorable,796,7361.26
4/16/2025,Honorable,43,1995.75
07/12/2025,Honorable,484,8284.06
04/08/2025,Mrs,634,741.01
1/22/2026,Mr,362,2223.69
05/05/2025,Honorable,39,6397.11
7/23/2025,Rev,336,5578.45
10/24/2025,Mrs,843,4972.78
07/06/2025,Dr,298,4702.17
11/20/2025,Mrs,504,4953.18
02/05/2025,Ms,286,9661.07
06/12/2025,Ms,172,4842.36
11/06/2025,Ms,573,8335.57
4/28/2025,Mr,804,3641.3
11/23/2025,Mr,945,2986.05
3/29/2025,Dr,588,2398.9
4/26/2025,Honorable,26,4651.36
11/02/2025,Honorable,952,3266.76
11/18/2025,Mr,683,3038.36
10/27/2025,Rev,615,528.19
11/30/2025,Mrs,733,781.51
9/19/2025,Mr,198,5541.83
5/18/2025,Dr,595,3615.66
12/17/2025,Mrs,745,1147.73
11/07/2025,Dr,171,1052.14
10/24/2025,Honorable,270,3549.19
1/14/2026,Honorable,217,5329.85
09/09/2025,Mrs,231,2703.72
05/02/2025,Dr,567,4091.74
4/18/2025,Honorable,821,214.25
9/13/2025,Honorable,894,3824.9
11/06/2025,Dr,868,8675.91
8/22/2025,Rev,738,4575.68
2/25/2025,Ms,125,9777.52
11/02/2025,Rev,2,9389.62
08/03/2025,Dr,744,9420.88
04/09/2025,Honorable,209,379.29
2/16/2025,Mr,215,2158.07
12/13/2025,Ms,781,6132.71
7/15/2025,Ms,346,3705.73
10/31/2025,Mrs,471,6451.79
3/26/2025,Dr,795,6678.15
01/08/2026,Dr,856,2504.35
5/28/2025,Ms,72,9021.3
2/21/2025,Ms,13,3805.49
11/12/2025,Mrs,173,2493.82
11/28/2025,Mr,357,5827.24
08/06/2025,Mrs,651,2387.03
1/21/2026,Mr,678,3194.61
09/07/2025,Ms,940,6506.36
10/18/2025,Ms,435,423.45
07/04/2025,Mr,148,1307.41
8/28/2025,Dr,759,2289.74
6/25/2025,Mr,326,2733.21
12/14/2025,Mrs,372,7593.39
1/27/2025,Mr,976,390.0
2/13/2025,Honorable,328,1098.22
10/11/2025,Mr,959,3825.86
08/08/2025,Dr,216,9957.46
2/26/2025,Rev,74,5387.6
7/28/2025,Dr,713,2299.4
4/15/2025,Honorable,876,3073.21
7/13/2025,Rev,201,7596.87
02/04/2025,Rev,304,5334.5
11/11/2025,Mr,172,4227.46
4/13/2025,Mr,525,987.16
5/30/2025,Rev,123,7870.75
07/05/2025,Mr,737,8232.52
02/07/2025,Rev,182,7678.04
9/19/2025,Mr,543,918.02
07/03/2025,Ms,599,6668.61
5/18/2025,Honorable,936,359.28
02/12/2025,Ms,241,735.26
05/07/2025,Rev,30,1315.95
8/26/2025,Honorable,285,6121.77
5/17/2025,Mr,533,224.43
8/22/2025,Mrs,892,2149.36
8/22/2025,Ms,847,7919.43
5/29/2025,Mr,435,4280.92
3/28/2025,Honorable,172,2784.82
6/23/2025,Mr,203,9636.6
10/04/2025,Honorable,516,7719.78
02/04/2025,Ms,243,7284.57
5/27/2025,Ms,439,3361.45
01/07/2026,Rev,819,7732.97
1/13/2026,Dr,296,5921.17
6/30/2025,Honorable,797,5123.21
05/05/2025,Ms,851,40.34
12/24/2025,Dr,292,5672.89
11/03/2025,Ms,308,9509.28
10/01/2025,Mr,818,9643.69
4/29/2025,Ms,59,8344.11
7/18/2025,Rev,146,5443.19
12/24/2025,Mr,913,477.36
6/15/2025,Dr,368,8767.96
02/02/2025,Rev,38,1982.2
01/01/2026,Dr,678,2070.37
4/28/2025,Rev,899,1261.08
07/06/2025,Mrs,90,9073.84
11/07/2025,Rev,780,4906.61
11/10/2025,Mr,493,6591.35
06/06/2025,Ms,761,136.18
10/05/2025,Ms,177,2305.22
1/13/2026,Mr,379,467.89
10/13/2025,Mr,385,4557.05
10/25/2025,Honorable,643,4220.51
08/02/2025,Honorable,661,1408.08
01/06/2026,Rev,902,9367.71
12/15/2025,Rev,7,3999.71
6/26/2025,Mrs,598,4607.35
5/22/2025,Rev,400,2422.88
10/16/2025,Mr,661,4498.76
08/11/2025,Rev,931,818.2
7/27/2025,Honorable,805,3779.28
01/11/2026,Honorable,577,8222.85
04/06/2025,Ms,41,6780.29
11/05/2025,Mrs,874,5302.01
8/31/2025,Mr,411,1057.73
02/07/2025,Honorable,797,9888.64
5/21/2025,Ms,556,2536.13
1/13/2026,Rev,369,6060.68
2/17/2025,Honorable,529,5326.52
03/12/2025,Rev,18,8256.18
06/11/2025,Mr,993,4694.27
8/31/2025,Ms,825,2131.73
8/30/2025,Ms,48,7432.7
04/07/2025,Mr,951,6958.94
11/12/2025,Dr,419,883.07
03/03/2025,Dr,642,6682.18
12/13/2025,Dr,350,2366.67
10/10/2025,Honorable,873,8262.21
3/20/2025,Mrs,204,5043.62
05/12/2025,Rev,294,8435.77
11/18/2025,Rev,559,3582.63
12/21/2025,Mr,440,3657.14
04/11/2025,Ms,897,8131.44
09/05/2025,Mr,684,7520.06
5/23/2025,Honorable,461,3337.48
09/09/2025,Ms,160,1947.84
4/29/2025,Honorable,16,4745.12
12/07/2025,Rev,486,4004.59
11/03/2025,Honorable,94,9559.62
11/03/2025,Mrs,194,1573.45
11/25/2025,Dr,138,1762.91
05/07/2025,Mr,282,3037.17
1/19/2026,Honorable,285,5829.4
08/03/2025,Rev,292,280.21
7/18/2025,Mr,309,3595.0
6/27/2025,Ms,406,6476.0
10/17/2025,Ms,750,1093.49
10/19/2025,Rev,145,7137.33
08/03/2025,Mrs,629,7257.98
06/08/2025,Dr,181,9943.69
4/13/2025,Dr,268,2557.75
1/16/2026,Honorable,814,7507.45
4/25/2025,Rev,568,3232.94
11/24/2025,Mrs,152,1900.52
3/17/2025,Dr,478,5105.58
7/25/2025,Mrs,416,6377.55
10/05/2025,Honorable,748,5871.43
8/14/2025,Rev,468,1650.31
7/16/2025,Mr,830,4792.92
9/27/2025,Honorable,760,3176.79
11/06/2025,Mrs,463,5689.38
8/15/2025,Dr,720,4251.76
3/28/2025,Ms,839,3141.98
6/21/2025,Mr,818,8881.96
3/18/2025,Honorable,887,5711.83
06/01/2025,Dr,147,5764.7
2/23/2025,Rev,596,5654.35
09/12/2025,Dr,861,3654.74
12/12/2025,Honorable,465,4920.52
7/13/2025,Dr,244,8697.35
3/15/2025,Dr,347,4841.04
06/12/2025,Mr,32,4440.3
5/19/2025,Mrs,514,9065.72
1/17/2026,Dr,792,9850.16
05/06/2025,Dr,614,7642.69
03/11/2025,Honorable,883,557.27
2/24/2025,Dr,855,5908.04
2/18/2025,Mrs,429,5628.48
9/20/2025,Ms,112,2353.15
1/16/2026,Ms,884,8024.62
10/05/2025,Ms,775,809.72
02/11/2025,Mr,211,2503.66
01/04/2026,Rev,358,4601.29
1/17/2026,Mrs,399,2289.9
02/02/2025,Dr,485,4446.71
09/04/2025,Dr,683,8457.65
3/13/2025,Rev,862,7635.15
02/05/2025,Mrs,702,6853.01
6/24/2025,Honorable,745,8541.37
8/20/2025,Honorable,65,2816.13
2/28/2025,Dr,757,2678.26
12/25/2025,Honorable,894,7619.03
12/05/2025,Dr,278,4322.61
5/25/2025,Ms,133,4122.15
2/23/2025,Mrs,121,8379.27
11/27/2025,Honorable,590,3085.96
7/24/2025,Ms,538,5853.4
10/25/2025,Ms,744,2246.19
12/16/2025,Honorable,771,6166.6
11/20/2025,Rev,337,3754.46
12/17/2025,Mr,16,9079.64
11/06/2025,Ms,417,867.05
6/21/2025,Rev,820,3829.87
6/23/2025,Mr,276,2084.95
4/23/2025,Mr,731,8054.99
6/21/2025,Ms,401,2710.64
1/20/2026,Mr,526,664.54
1/27/2025,Dr,830,4316.01
2/13/2025,Ms,451,4076.73
1/15/2026,Dr,895,5418.59
02/10/2025,Mr,543,7525.54
3/30/2025,Honorable,186,6971.97
01/05/2026,Rev,412,7301.15
1/20/2026,Rev,254,8621.89
3/26/2025,Mrs,589,365.34
6/17/2025,Ms,571,1737.65
4/23/2025,Rev,661,1935.07
4/15/2025,Honorable,577,5208.29
06/08/2025,Dr,759,2163.34
08/12/2025,Rev,961,3135.34
10/19/2025,Ms,113,6577.0
12/31/2025,Honorable,780,8286.0
06/03/2025,Honorable,179,4067.14
7/25/2025,Dr,928,8352.99
2/25/2025,Dr,965,1292.16
07/10/2025,Ms,891,5126.63
11/21/2025,Honorable,302,7520.0
7/18/2025,Ms,809,7422.26
12/29/2025,Ms,811,217.39
2/20/2025,Honorable,880,4920.04
7/19/2025,Rev,444,5642.11
08/11/2025,Dr,885,295.77
8/21/2025,Honorable,569,1267.47
5/26/2025,Dr,994,5530.06
4/28/2025,Ms,451,5651.19
4/15/2025,Honorable,244,7495.74
10/26/2025,Mr,487,2160.62
6/13/2025,Dr,671,9877.6
12/20/2025,Honorable,746,9169.54
02/03/2025,Rev,405,2047.29
08/08/2025,Dr,438,826.97
7/21/2025,Mrs,697,9757.25
7/25/2025,Mrs,449,9944.72
04/03/2025,Honorable,994,5753.97
7/23/2025,Ms,324,133.13
12/13/2025,Mrs,796,167.96
3/23/2025,Mrs,849,4690.27
6/29/2025,Honorable,487,1709.98
10/13/2025,Mrs,624,1036.93
11/03/2025,Dr,431,8032.16
02/06/2025,Honorable,937,2891.39
9/27/2025,Mr,688,5728.81
12/10/2025,Rev,216,1059.73
9/21/2025,Honorable,338,4959.54
12/06/2025,Honorable,633,7597.44
2/19/2025,Honorable,990,174.61
05/04/2025,Mr,693,5074.11
12/10/2025,Mrs,452,3091.14
5/19/2025,Mr,654,5044.07
07/11/2025,Mr,53,5219.46
08/08/2025,Dr,144,1742.45
9/18/2025,Rev,12,4090.9
10/26/2025,Mrs,809,979.45
8/30/2025,Mrs,91,663.75
1/20/2026,Honorable,481,2818.44
10/13/2025,Mr,687,2402.88
04/07/2025,Honorable,790,623.64
08/12/2025,Mrs,793,2105.35
12/11/2025,Rev,684,3967.39
5/22/2025,Honorable,250,4747.15
09/06/2025,Dr,909,7168.7
1/25/2026,Dr,24,363.14
05/12/2025,Mrs,532,6942.15
08/06/2025,Mr,63,9664.86
06/08/2025,Mr,160,6184.26
12/16/2025,Honorable,51,6954.89
04/07/2025,Mr,530,4737.09
11/05/2025,Mr,979,1116.32
04/01/2025,Honorable,608,3682.42
6/14/2025,Mr,683,7807.87
02/04/2025,Mrs,246,9980.78
10/08/2025,Mrs,28,5769.64
09/11/2025,Dr,152,7244.94
10/26/2025,Rev,650,4070.49
11/23/2025,Mr,170,8490.68
8/22/2025,Rev,448,7911.86
10/12/2025,Mr,20,9695.15
05/08/2025,Ms,313,5062.9
2/26/2025,Honorable,348,917.02
11/19/2025,Ms,681,6082.63
3/17/2025,Dr,106,246.37
3/25/2025,Dr,606,3521.27
2026-01-27,python,12,3588.0
2026-01-27,python,1,299.0
